{
	"\ub4dc\ub860\uc2dc\ud5d8_\uc778\uc99d\uc13c\ud130": [
		37.564241,
		126.6231
	],
	"\uacc4\uc591\uc2e0\ub3c4\uc2dc_uam\ubc84\ud2f0\ud3ec\ud2b8": [
		37.54389,
		126.761229
	],
	"\uc7a0\uc2e4\ud55c\uac15\uacf5\uc6d0": [
		37.519354,
		127.072635
	],
	"\uc218\uc11c\uc5ed": [
		37.487888,
		127.099981
	],
	"\uace0\uc591\ud0a8\ud14d\uc2a4_uam\ubc84\ud2f0\ud3ec\ud2b8": [
		37.665936,
		126.736558
	],
	"\uae40\ud3ec\uacf5\ud56d_\ubc84\ud2f0\ud3ec\ud2b8": [
		37.55934,
		126.80551
	],
	"\uc5ec\uc758\ub3c4\uacf5\uc6d0\ud5ec\uae30\uc7a5": [
		37.525359,
		126.921353
	]
}